{
  "results": {
    "b1_s32_last": {
      "summary": "benchmark_seq_b1_s32_last.json",
      "real_time_ms_mean": 23.287261839432176,
      "real_time_ms_median": 23.28824369760696,
      "real_time_ms_stddev": 0.00733314984440941,
      "real_time_cv": 0.00031489961743772865,
      "items_per_second_mean": 42.94193478947617,
      "items_per_second_median": 42.94012090326749,
      "batch": 1,
      "seq": 32,
      "granularity": "last",
      "output_shape": "1x128256xf32",
      "sequences_per_second_mean": 42.94193138270581,
      "last_tokens_per_second_mean": 42.94193138270581,
      "speedup_vs_seq128": 1.7106899537799127,
      "latency_delta_percent_vs_seq128": -41.54405374332056
    },
    "b1_s64_last": {
      "summary": "benchmark_seq_b1_s64_last.json",
      "real_time_ms_mean": 28.363223339547403,
      "real_time_ms_median": 28.389151202281937,
      "real_time_ms_stddev": 0.05173848079490258,
      "real_time_cv": 0.001824139667608321,
      "items_per_second_mean": 35.25701766758561,
      "items_per_second_median": 35.224723447160315,
      "batch": 1,
      "seq": 64,
      "granularity": "last",
      "output_shape": "1x128256xf32",
      "sequences_per_second_mean": 35.25692365880292,
      "last_tokens_per_second_mean": 35.25692365880292,
      "speedup_vs_seq128": 1.4045401117796452,
      "latency_delta_percent_vs_seq128": -28.802318167123488
    },
    "b1_s128_last": {
      "summary": "benchmark_seq_b1_s128_last.json",
      "real_time_ms_mean": 39.837284879758954,
      "real_time_ms_median": 39.835652099282015,
      "real_time_ms_stddev": 0.016870791996444593,
      "real_time_cv": 0.00042349251580186187,
      "items_per_second_mean": 25.102115931859135,
      "items_per_second_median": 25.103141213998697,
      "batch": 1,
      "seq": 128,
      "granularity": "last",
      "output_shape": "1x128256xf32",
      "sequences_per_second_mean": 25.102112330654666,
      "last_tokens_per_second_mean": 25.102112330654666,
      "speedup_vs_seq128": 1.0,
      "latency_delta_percent_vs_seq128": 0.0
    },
    "b1_s256_last": {
      "summary": "benchmark_seq_b1_s256_last.json",
      "real_time_ms_mean": 62.189252357929945,
      "real_time_ms_median": 62.199881896958686,
      "real_time_ms_stddev": 0.05017501302668413,
      "real_time_cv": 0.0008068116454898362,
      "items_per_second_mean": 16.0799572725146,
      "items_per_second_median": 16.07720094479626,
      "batch": 1,
      "seq": 256,
      "granularity": "last",
      "output_shape": "1x128256xf32",
      "sequences_per_second_mean": 16.079948899280936,
      "last_tokens_per_second_mean": 16.079948899280936,
      "speedup_vs_seq128": 0.6405815051526211,
      "latency_delta_percent_vs_seq128": 56.10815984481881
    }
  },
  "ranked": [
    {
      "experiment": "b1_s32_last",
      "summary": "benchmark_seq_b1_s32_last.json",
      "real_time_ms_mean": 23.287261839432176,
      "real_time_ms_median": 23.28824369760696,
      "real_time_ms_stddev": 0.00733314984440941,
      "real_time_cv": 0.00031489961743772865,
      "items_per_second_mean": 42.94193478947617,
      "items_per_second_median": 42.94012090326749,
      "batch": 1,
      "seq": 32,
      "granularity": "last",
      "output_shape": "1x128256xf32",
      "sequences_per_second_mean": 42.94193138270581,
      "last_tokens_per_second_mean": 42.94193138270581,
      "speedup_vs_seq128": 1.7106899537799127,
      "latency_delta_percent_vs_seq128": -41.54405374332056
    },
    {
      "experiment": "b1_s64_last",
      "summary": "benchmark_seq_b1_s64_last.json",
      "real_time_ms_mean": 28.363223339547403,
      "real_time_ms_median": 28.389151202281937,
      "real_time_ms_stddev": 0.05173848079490258,
      "real_time_cv": 0.001824139667608321,
      "items_per_second_mean": 35.25701766758561,
      "items_per_second_median": 35.224723447160315,
      "batch": 1,
      "seq": 64,
      "granularity": "last",
      "output_shape": "1x128256xf32",
      "sequences_per_second_mean": 35.25692365880292,
      "last_tokens_per_second_mean": 35.25692365880292,
      "speedup_vs_seq128": 1.4045401117796452,
      "latency_delta_percent_vs_seq128": -28.802318167123488
    },
    {
      "experiment": "b1_s128_last",
      "summary": "benchmark_seq_b1_s128_last.json",
      "real_time_ms_mean": 39.837284879758954,
      "real_time_ms_median": 39.835652099282015,
      "real_time_ms_stddev": 0.016870791996444593,
      "real_time_cv": 0.00042349251580186187,
      "items_per_second_mean": 25.102115931859135,
      "items_per_second_median": 25.103141213998697,
      "batch": 1,
      "seq": 128,
      "granularity": "last",
      "output_shape": "1x128256xf32",
      "sequences_per_second_mean": 25.102112330654666,
      "last_tokens_per_second_mean": 25.102112330654666,
      "speedup_vs_seq128": 1.0,
      "latency_delta_percent_vs_seq128": 0.0
    },
    {
      "experiment": "b1_s256_last",
      "summary": "benchmark_seq_b1_s256_last.json",
      "real_time_ms_mean": 62.189252357929945,
      "real_time_ms_median": 62.199881896958686,
      "real_time_ms_stddev": 0.05017501302668413,
      "real_time_cv": 0.0008068116454898362,
      "items_per_second_mean": 16.0799572725146,
      "items_per_second_median": 16.07720094479626,
      "batch": 1,
      "seq": 256,
      "granularity": "last",
      "output_shape": "1x128256xf32",
      "sequences_per_second_mean": 16.079948899280936,
      "last_tokens_per_second_mean": 16.079948899280936,
      "speedup_vs_seq128": 0.6405815051526211,
      "latency_delta_percent_vs_seq128": 56.10815984481881
    }
  ]
}