{
  "results": {
    "b1_s128_last": {
      "summary": "benchmark_shape_b1_s128_last.json",
      "real_time_ms_mean": 39.5923332599341,
      "real_time_ms_median": 39.589091398374876,
      "real_time_ms_stddev": 0.006968021442318495,
      "real_time_cv": 0.0001759942107117456,
      "items_per_second_mean": 25.25741582873716,
      "items_per_second_median": 25.25948347582056,
      "batch": 1,
      "seq": 128,
      "granularity": "last",
      "output_shape": "1x128256xf32",
      "requests_per_second_mean": 25.25741520295701,
      "tokens_per_second_mean": 25.25741520295701
    },
    "b4_s128_last": {
      "summary": "benchmark_shape_b4_s128_last.json",
      "real_time_ms_mean": 340.57787577985437,
      "real_time_ms_median": 340.6965554000635,
      "real_time_ms_stddev": 0.20741818844158674,
      "real_time_cv": 0.000609018386666019,
      "items_per_second_mean": 2.9361868985379758,
      "items_per_second_median": 2.9351632241357657,
      "batch": 4,
      "seq": 128,
      "granularity": "last",
      "output_shape": "4x128256xf32",
      "requests_per_second_mean": 11.744744108350579,
      "tokens_per_second_mean": 11.744744108350579
    },
    "b8_s128_last": {
      "summary": "benchmark_shape_b8_s128_last.json",
      "real_time_ms_mean": 678.577258400037,
      "real_time_ms_median": 678.5423116998572,
      "real_time_ms_stddev": 0.24397070955065128,
      "real_time_cv": 0.0003595326936329848,
      "items_per_second_mean": 1.4736717021240637,
      "items_per_second_median": 1.4737474476644497,
      "batch": 8,
      "seq": 128,
      "granularity": "last",
      "output_shape": "8x128256xf32",
      "requests_per_second_mean": 11.789372397864556,
      "tokens_per_second_mean": 11.789372397864556
    },
    "b1_s128_full": {
      "summary": "benchmark_shape_b1_s128_full.json",
      "real_time_ms_mean": 41.6619957407238,
      "real_time_ms_median": 41.65122940103174,
      "real_time_ms_stddev": 0.039307472762426465,
      "real_time_cv": 0.0009434851130764282,
      "items_per_second_mean": 24.002707830053577,
      "items_per_second_median": 24.008895160612692,
      "batch": 1,
      "seq": 128,
      "granularity": "full",
      "output_shape": "1x128x128256xf32",
      "requests_per_second_mean": 24.002690754982705,
      "tokens_per_second_mean": 3072.3444166377863
    }
  },
  "ranked": [
    {
      "experiment": "b1_s128_full",
      "summary": "benchmark_shape_b1_s128_full.json",
      "real_time_ms_mean": 41.6619957407238,
      "real_time_ms_median": 41.65122940103174,
      "real_time_ms_stddev": 0.039307472762426465,
      "real_time_cv": 0.0009434851130764282,
      "items_per_second_mean": 24.002707830053577,
      "items_per_second_median": 24.008895160612692,
      "batch": 1,
      "seq": 128,
      "granularity": "full",
      "output_shape": "1x128x128256xf32",
      "requests_per_second_mean": 24.002690754982705,
      "tokens_per_second_mean": 3072.3444166377863
    },
    {
      "experiment": "b1_s128_last",
      "summary": "benchmark_shape_b1_s128_last.json",
      "real_time_ms_mean": 39.5923332599341,
      "real_time_ms_median": 39.589091398374876,
      "real_time_ms_stddev": 0.006968021442318495,
      "real_time_cv": 0.0001759942107117456,
      "items_per_second_mean": 25.25741582873716,
      "items_per_second_median": 25.25948347582056,
      "batch": 1,
      "seq": 128,
      "granularity": "last",
      "output_shape": "1x128256xf32",
      "requests_per_second_mean": 25.25741520295701,
      "tokens_per_second_mean": 25.25741520295701
    },
    {
      "experiment": "b4_s128_last",
      "summary": "benchmark_shape_b4_s128_last.json",
      "real_time_ms_mean": 340.57787577985437,
      "real_time_ms_median": 340.6965554000635,
      "real_time_ms_stddev": 0.20741818844158674,
      "real_time_cv": 0.000609018386666019,
      "items_per_second_mean": 2.9361868985379758,
      "items_per_second_median": 2.9351632241357657,
      "batch": 4,
      "seq": 128,
      "granularity": "last",
      "output_shape": "4x128256xf32",
      "requests_per_second_mean": 11.744744108350579,
      "tokens_per_second_mean": 11.744744108350579
    },
    {
      "experiment": "b8_s128_last",
      "summary": "benchmark_shape_b8_s128_last.json",
      "real_time_ms_mean": 678.577258400037,
      "real_time_ms_median": 678.5423116998572,
      "real_time_ms_stddev": 0.24397070955065128,
      "real_time_cv": 0.0003595326936329848,
      "items_per_second_mean": 1.4736717021240637,
      "items_per_second_median": 1.4737474476644497,
      "batch": 8,
      "seq": 128,
      "granularity": "last",
      "output_shape": "8x128256xf32",
      "requests_per_second_mean": 11.789372397864556,
      "tokens_per_second_mean": 11.789372397864556
    }
  ]
}